{"pre_fill_profile": [[0.002766397252307668, -1.27], [0.0011065670402101444, -1.25], [0.01, -1.2442859597626146], [0.014223434752357683, -1.24], [0.02, -1.2338671475468028], [0.04294356656217732, -1.23], [0.023642486150913446, -1.23], [0.03, -1.2228720984188202], [0.03256168035790502, -1.22], [0.04106403987476389, -1.21], [0.05, -1.1991016653066473], [0.05731027082780631, -1.19], [0.06, -1.1865815092109078], [0.06517844815557951, -1.18], [0.07, -1.173677930676613], [0.0728049887671864, -1.17], [0.08006560688513653, -1.16], [0.08686444106588971, -1.1500000000000001], [0.09, -1.1450270991512412], [0.09316973254358506, -1.1400000000000001], [0.1, -1.1281141257544811], [0.10434280666858227, -1.12], [0.11, -1.1082428742398605], [0.11362883418551341, -1.1], [0.20273269950579376, -0.08], [0.19315432616194844, -0.06], [0.16473788662117195, -0.01], [0.13413182256084308, 0.0], [0.12154463468741536, 0.28], [0.1839058011598871, 0.29], [0.17586219736129435, 0.29], [0.15726999104974237, 0.29], [0.12535449535029625, 0.3], [0.13019981942540265, 0.31], [0.14, 0.32257066049333616], [0.14705037017234712, 0.33], [0.15, 0.33294962982765286], [0.16022641036230287, 0.34], [0.18, 0.3407800736186391], [0.49, 0.34224112052803074], [0.47000000000000003, 0.34234609079595824], [0.2, 0.3423795830474821], [0.44, 0.34252963760399063], [0.3, 0.34255233583798217], [0.17, 0.3425558163697571], [0.42, 0.34288642270998876], [0.19, 0.3429007302038587], [0.34, 0.3429040800630743], [0.33, 0.3430768518697087], [0.38, 0.34309805509121055], [0.31, 0.34365516453333805], [0.32, 0.34390170393100983], [0.48, 0.3439603356385789], [0.5, 0.34414791865912314], [0.43, 0.3443169747053342], [0.46, 0.3444799886758171], [0.22, 0.3445014868301233], [0.45, 0.34451055343346576], [0.28, 0.3445108678673892], [0.39, 0.34470161455608095], [0.21, 0.34506215323938755], [0.29, 0.3451201350145239], [0.41000000000000003, 0.34535021976031977], [0.24, 0.34563259007890457], [0.37, 0.34623570442478296], [0.4, 0.3464364966844151], [0.35000000000000003, 0.3464586732556699], [0.23, 0.34707057841313316], [0.27, 0.34740461010145374], [0.25, 0.34795487089098487], [0.26, 0.34861099085646785], [0.36, 0.3486332079628653]], "naive_fill_profile": [[0.04294356656217732, -1.23], [0.023642486150913446, -1.23], [0.03256168035790502, -1.22], [0.05731027082780631, -1.19], [0.06517844815557951, -1.18], [0.08686444106588971, -1.1500000000000001], [0.09316973254358506, -1.1400000000000001], [0.10434280666858227, -1.12], [0.004935528702795329, -0.18], [0.01478823435192771, -0.13], [0.20273269950579376, -0.08], [0.19315432616194844, -0.06], [0.16473788662117195, -0.01], [0.13413182256084308, 0.0], [0.1839058011598871, 0.29], [0.17586219736129435, 0.29], [0.15726999104974237, 0.29], [0.12535449535029625, 0.3], [0.14705037017234712, 0.33], [0.0018791716497215134, 0.4], [0.010618716858678472, 0.41000000000000003], [0.02, 0.42076749167216243], [0.03, 0.4311811387160157], [0.04, 0.44116369522307003], [0.05, 0.45056313032495987], [0.06129434933354979, 0.46], [0.07, 0.466579231529616], [0.07510028620560108, 0.47000000000000003], [0.08, 0.47328624429809035], [0.09155789369813848, 0.48], [0.1, 0.4843576892671316], [0.11, 0.4888163792871618], [0.11311930216076435, 0.49], [0.12, 0.4926108841213717], [0.13, 0.4957743953063006], [0.14, 0.498334232815309], [0.15, 0.5003116264008246], [0.16, 0.5017198979495752], [0.18, 0.502407509742345], [0.17, 0.5025558163697572], [0.19, 0.5033381599257478], [0.49, 0.5036036997875177], [0.47000000000000003, 0.5038088393577327], [0.31, 0.5038105255893529], [0.48, 0.5039603356385789], [0.44, 0.5039627354074255], [0.32, 0.5040366678457646], [0.5, 0.5041479186591231], [0.2, 0.5043381924647359], [0.43, 0.5043602248493081], [0.46, 0.5044807185339072], [0.45, 0.5045105534334658], [0.3, 0.5045575551579826], [0.42, 0.5048728233448289], [0.33, 0.5050036689846289], [0.21, 0.5053860337704039], [0.29, 0.5057750264434898], [0.39, 0.5058063622594655], [0.41000000000000003, 0.5058582248818088], [0.22, 0.5062414287056634], [0.4, 0.5064364966844151], [0.38, 0.5065393343851761], [0.34, 0.5065701445258488], [0.28, 0.506932688198019], [0.23, 0.5070763219658209], [0.24, 0.5073210482092549], [0.37, 0.5078205288631017], [0.35000000000000003, 0.5078474775996502], [0.27, 0.5080005801868608], [0.25, 0.5081818479913713], [0.26, 0.5086109908564679], [0.36, 0.5086332079628653]], "directional_fill_profile": [[0.03256168035790502, -1.22], [0.0, -1.0433081609983785], [0.003864841148967699, -1.04], [0.01, -1.0343514264025662], [0.014045513469699447, -1.03], [0.02, -1.0231146664354345], [0.022693586180286166, -1.02], [0.03090528911019815, -1.01], [0.04, -0.9985346242561698], [0.04673109947724322, -0.99], [0.05, -0.986030434877957], [0.05496600789228504, -0.98], [0.06, -0.9745785497113322], [0.06425133163349368, -0.97], [0.07, -0.9642513316334937], [0.08447932992135919, -0.96], [0.07486942668294205, -0.96], [0.08, -0.9555206700786408], [0.20273269950579376, -0.08], [0.19315432616194844, -0.06], [0.16473788662117195, -0.01], [0.13413182256084308, 0.0], [0.17586219736129435, 0.29], [0.1839058011598871, 0.29], [0.12535449535029625, 0.3], [0.14705037017234712, 0.33], [0.09175691010402051, 0.43], [0.0953946090184435, 0.45], [0.10238992000785958, 0.47000000000000003], [0.10749807330216381, 0.48], [0.11, 0.4839496426095644], [0.11383263808475341, 0.49], [0.12146786139640069, 0.5], [0.13039444941075312, 0.51], [0.14028573083194398, 0.52], [0.15, 0.5285219507380696], [0.15352901266062088, 0.53], [0.16, 0.5327102305887583], [0.18, 0.5335345843699839], [0.17, 0.5345558163697571], [0.19, 0.5349026414729005], [0.49, 0.5349089374030435], [0.47000000000000003, 0.5350632541564664], [0.2, 0.53518715524637], [0.44, 0.5352404686912238], [0.33, 0.5352415305008562], [0.3, 0.5353486375662303], [0.31, 0.5356645275770613], [0.42, 0.5357287740383805], [0.32, 0.5359017039310098], [0.48, 0.5359603356385789], [0.5, 0.5361479186591231], [0.43, 0.5363169747053341], [0.34, 0.536381483661712], [0.38, 0.536473707317504], [0.46, 0.5364801374380618], [0.45, 0.5365105534334658], [0.21, 0.5370627633574853], [0.39, 0.5370785550282764], [0.29, 0.5371233154201148], [0.22, 0.5372539608135226], [0.28, 0.5374864094897924], [0.41000000000000003, 0.5375112468362732], [0.24, 0.538394487937523], [0.4, 0.5384364966844151], [0.37, 0.5388991895897045], [0.35000000000000003, 0.5390193104531337], [0.23, 0.5390705784131331], [0.27, 0.5395999870324787], [0.36365167966306544, 0.54], [0.356076529277435, 0.54], [0.2660434079671132, 0.54], [0.25, 0.540017286166941], [0.26, 0.5406109908564678], [0.36, 0.5406332079628653]], "via_floor": -1.27, "seal_naive": 0.125, "seal_dir": -1.0369148968502362}