{
  "duplicate_case_ids": [],
  "error_count": 0,
  "errors": [],
  "expected_rows": 20,
  "grid_groups": {
    "0.000625": {
      "metrics": {
        "one_cycle_bow": {
          "max": 0.010849894257290493,
          "mean": 0.010764413341150685,
          "min": 0.010706273640604141,
          "n": 4,
          "sd": 6.299853024246088e-05
        },
        "one_cycle_cd_bottom": {
          "max": 0.30533802829697443,
          "mean": 0.3052480394826804,
          "min": 0.30510397842850184,
          "n": 4,
          "sd": 0.00010112940582563457
        },
        "one_cycle_depth": {
          "max": 0.1489505808927482,
          "mean": 0.14886907759802787,
          "min": 0.1487879249173029,
          "n": 4,
          "sd": 8.444404796300544e-05
        },
        "polymer_aperture": {
          "max": 0.29697577629266014,
          "mean": 0.2969517791930673,
          "min": 0.29692933800034543,
          "n": 4,
          "sd": 1.9756383434291166e-05
        },
        "polymer_floor": {
          "max": 0.004888245915137972,
          "mean": 0.004884285832167755,
          "min": 0.0048782679240375534,
          "n": 4,
          "sd": 4.577986130813468e-06
        },
        "polymer_lower_wall": {
          "max": 0.00485622028047125,
          "mean": 0.004850057072594391,
          "min": 0.0048394079317215415,
          "n": 4,
          "sd": 7.744278623504715e-06
        },
        "polymer_min_wall": {
          "max": 0.0047759231554781656,
          "mean": 0.004770152977711917,
          "min": 0.0047646732747123185,
          "n": 4,
          "sd": 5.4574141564312335e-06
        }
      },
      "passivation_cells_per_input_dose": 8.0,
      "rows": 4
    },
    "0.00125": {
      "metrics": {
        "one_cycle_bow": {
          "max": 0.010990601840939113,
          "mean": 0.010977934059349284,
          "min": 0.010967452088418733,
          "n": 4,
          "sd": 9.859822873089367e-06
        },
        "one_cycle_cd_bottom": {
          "max": 0.3053719232811225,
          "mean": 0.30530218478237814,
          "min": 0.3051485640337902,
          "n": 4,
          "sd": 0.00010363623908960884
        },
        "one_cycle_depth": {
          "max": 0.14962090335769407,
          "mean": 0.14954696754586735,
          "min": 0.1494562641071712,
          "n": 4,
          "sd": 7.911775355972944e-05
        },
        "polymer_aperture": {
          "max": 0.2964541134067608,
          "mean": 0.2964335965446467,
          "min": 0.2964024475940156,
          "n": 4,
          "sd": 2.380300832834777e-05
        },
        "polymer_floor": {
          "max": 0.004892426025378836,
          "mean": 0.0048897868156941495,
          "min": 0.004883506045206486,
          "n": 4,
          "sd": 4.207565418791957e-06
        },
        "polymer_lower_wall": {
          "max": 0.00487687647088171,
          "mean": 0.004865199890753823,
          "min": 0.004851253746008436,
          "n": 4,
          "sd": 1.1801911332126806e-05
        },
        "polymer_min_wall": {
          "max": 0.004748937772019974,
          "mean": 0.00474066113325333,
          "min": 0.004727847383771458,
          "n": 4,
          "sd": 9.019046869623941e-06
        }
      },
      "passivation_cells_per_input_dose": 4.0,
      "rows": 4
    },
    "0.0025": {
      "metrics": {
        "one_cycle_bow": {
          "max": 0.011602640865468944,
          "mean": 0.011512340762953328,
          "min": 0.011449063866362547,
          "n": 4,
          "sd": 6.604847015972733e-05
        },
        "one_cycle_cd_bottom": {
          "max": 0.3042246314281881,
          "mean": 0.3041719111472166,
          "min": 0.30405150980585627,
          "n": 4,
          "sd": 8.088203197157405e-05
        },
        "one_cycle_depth": {
          "max": 0.14860044245418252,
          "mean": 0.14846078120102094,
          "min": 0.14837369912131146,
          "n": 4,
          "sd": 9.999024861764518e-05
        },
        "polymer_aperture": {
          "max": 0.2951145819124247,
          "mean": 0.29507256672176835,
          "min": 0.29502335826466614,
          "n": 4,
          "sd": 3.9238612700940594e-05
        },
        "polymer_floor": {
          "max": 0.004911490743540421,
          "mean": 0.0048924522818816546,
          "min": 0.004867140290944247,
          "n": 4,
          "sd": 2.1634254040129407e-05
        },
        "polymer_lower_wall": {
          "max": 0.004901232590213717,
          "mean": 0.004884929085367724,
          "min": 0.004874799471018868,
          "n": 4,
          "sd": 1.1596328632667178e-05
        },
        "polymer_min_wall": {
          "max": 0.004658125289591831,
          "mean": 0.0046333804828147095,
          "min": 0.00460903797420405,
          "n": 4,
          "sd": 2.0678192268111135e-05
        }
      },
      "passivation_cells_per_input_dose": 2.0,
      "rows": 4
    },
    "0.005": {
      "metrics": {
        "one_cycle_bow": {
          "max": 0.01286987862795444,
          "mean": 0.01279005298330467,
          "min": 0.01271318657758791,
          "n": 4,
          "sd": 7.421975979953797e-05
        },
        "one_cycle_cd_bottom": {
          "max": 0.3010391269550888,
          "mean": 0.3009497463279631,
          "min": 0.3008909812092811,
          "n": 4,
          "sd": 6.301091467519929e-05
        },
        "one_cycle_depth": {
          "max": 0.145,
          "mean": 0.14499205826116582,
          "min": 0.1449682330446633,
          "n": 4,
          "sd": 1.5883477668343637e-05
        },
        "polymer_aperture": {
          "max": 0.29032411785084367,
          "mean": 0.29028743626257403,
          "min": 0.29025452040917726,
          "n": 4,
          "sd": 2.854483713170654e-05
        },
        "polymer_floor": {
          "max": 0.0048938267030713975,
          "mean": 0.0048813810158370675,
          "min": 0.004868775116880317,
          "n": 4,
          "sd": 1.30030901623205e-05
        },
        "polymer_lower_wall": {
          "max": 0.00518595299283974,
          "mean": 0.005174829292824642,
          "min": 0.005164295377089524,
          "n": 4,
          "sd": 1.1894924862778266e-05
        },
        "polymer_min_wall": {
          "max": 0.004567511365561853,
          "mean": 0.00450998910467,
          "min": 0.004458855415124381,
          "n": 4,
          "sd": 5.201104143887803e-05
        }
      },
      "passivation_cells_per_input_dose": 1.0,
      "rows": 4
    },
    "0.01": {
      "metrics": {
        "one_cycle_bow": {
          "max": 0.016486503065824942,
          "mean": 0.01634742837982331,
          "min": 0.01610054701632163,
          "n": 4,
          "sd": 0.00017224626495154896
        },
        "one_cycle_cd_bottom": {
          "max": 0.2900940812142337,
          "mean": 0.2888478903168509,
          "min": 0.2882679549221132,
          "n": 4,
          "sd": 0.0008440015406194121
        },
        "one_cycle_depth": {
          "max": 0.1410231630338985,
          "mean": 0.1405211258786009,
          "min": 0.1392731248119574,
          "n": 4,
          "sd": 0.000834915848165655
        },
        "polymer_aperture": {
          "max": 0.2745980130735308,
          "mean": 0.27385683161744856,
          "min": 0.2731876165851123,
          "n": 4,
          "sd": 0.0006477012490235042
        },
        "polymer_floor": {
          "max": 0.0048917543559335,
          "mean": 0.004860895943776394,
          "min": 0.004825009364280437,
          "n": 4,
          "sd": 3.2869353209737174e-05
        },
        "polymer_lower_wall": {
          "max": 0.004982380486051313,
          "mean": 0.004946398518735697,
          "min": 0.004898804062939887,
          "n": 4,
          "sd": 4.2185493802281424e-05
        },
        "polymer_min_wall": {
          "max": 0.00436740742172039,
          "mean": 0.004337077690776945,
          "min": 0.0043182459730091724,
          "n": 4,