{
  "baseline": {
    "depth": -1.1862735402169953,
    "bulge": 0.014594594427720098
  },
  "deposition_sticking_probability": {
    "low": {
      "value": 0.005,
      "depth": -1.19,
      "bulge": 0.01737935588497269
    },
    "high": {
      "value": 0.05,
      "depth": -1.1945446460833975,
      "bulge": 0.024549546267423422
    }
  },
  "neutral_rate": {
    "low": {
      "value": -0.1,
      "depth": -0.98655926768772,
      "bulge": 0.028959897034407392
    },
    "high": {
      "value": -0.4,
      "depth": -1.4971332625804947,
      "bulge": 0.04270994991844412
    }
  },
  "ion_rate": {
    "low": {
      "value": -0.05,
      "depth": -0.9065880692500576,
      "bulge": 0.03278973017879856
    },
    "high": {
      "value": -0.2,
      "depth": -1.8574935813020093,
      "bulge": 0.02643944997120201
    }
  },
  "initial_etch_time": {
    "low": {
      "value": 0.1,
      "depth": -1.1592003549401861,
      "bulge": 0.02513531523693935
    },
    "high": {
      "value": 0.6,
      "depth": -1.2266484317956843,
      "bulge": 0.04507969316511837
    }
  },
  "mask_height": {
    "low": {
      "value": 0.2,
      "depth": -1.2220694613204433,
      "bulge": 0.01278880791521389
    },
    "high": {
      "value": 0.4,
      "depth": -1.1489753656556156,
      "bulge": 0.01539157047706663
    }
  },
  "theta_r_min": {
    "low": {
      "value": 45.0,
      "depth": -1.2557218403642538,
      "bulge": 0.014796582073913184
    },
    "high": {
      "value": 75.0,
      "depth": -1.1522207733947092,
      "bulge": 0.01727702273379908
    }
  },
  "radius": {
    "low": {
      "value": 0.1,
      "depth": -1.0261682917968507,
      "bulge": 0.014549441255518061
    },
    "high": {
      "value": 0.2,
      "depth": -1.2774330071081972,
      "bulge": 0.023471340407705515
    }
  }
}